First Name,Last Name,Email Address,Gender,Datetime,Street Address
Constantia,Dursley,cdursley0@sbwire.com,Non-binary,2018/07/31,9 Lyons Plaza
Josie,Charlson,jcharlson1@smugmug.com,Male,2020/09/24,31 Northland Drive
,,sthaxter2@fema.gov,,,
Tremain,Hallihane,thallihane3@fc2.com,Bigender,2018/12/16,2 Goodland Center
Lita,Gibbin,lgibbin4@oakley.com,Agender,2019/01/03,559 Waxwing Court
Kyle,Aronsohn,karonsohn5@bizjournals.com,Genderqueer,2019/03/06,3627 Tomscot Drive
Bertina,Klaes,bklaes6@nifty.com,Non-binary,2017/10/15,7 Stone Corner Terrace
Rubina,Voce,rvoce7@freewebs.com,Non-binary,2020/11/19,426 Sutherland Street
Sumner,Piggin,spiggin8@nyu.edu,Non-binary,2020/07/11,356 Memorial Trail
Marjy,Markham,mmarkham9@nhs.uk,Agender,2020/11/13,25 Golf View Alley
Britte,Delmage,bdelmagea@canalblog.com,Genderfluid,2018/11/08,073 Weeping Birch Alley
Harmon,Bellworthy,hbellworthyb@salon.com,Non-binary,2019/06/19,75 Bartillon Hill
Benny,Manford,bmanfordc@sun.com,Polygender,2019/11/19,3743 Coolidge Trail
Christa,Skipper,cskipperd@friendfeed.com,Non-binary,2021/01/12,3416 Hovde Junction
Mercie,Levington,mlevingtone@princeton.edu,Male,2018/03/18,46115 Comanche Plaza
Will,Helgass,,Male,2018/05/06,9067 Kennedy Pass
Lona,Prangle,lprangleg@ovh.net,Bigender,2018/02/27,8 Maryland Pass
Michal,Goskar,mgoskarh@boston.com,Non-binary,2019/04/17,359 Vera Lane
Stephanie,Murdoch,,Genderqueer,2018/01/10,27758 Michigan Court
Barri,Rennenbach,brennenbachj@sina.com.cn,Bigender,2019/04/21,43 Morningstar Road
Leigh,Casaccio,lcasacciok@amazon.de,Female,2018/01/06,00 Fuller Point
Osbourn,Jorez,ojorezl@oaic.gov.au,Bigender,2019/02/26,3547 Hoffman Pass
Urson,Cuberley,ucuberleym@oakley.com,Genderfluid,2017/12/06,0 Schmedeman Way
,,bboten@yahoo.com,,,
Lainey,Grannell,lgrannello@youtu.be,Genderfluid,2020/06/06,306 Sachtjen Alley
Currie,Puttock,,Agender,2018/11/22,65429 Melody Trail
Lawton,Worner,lwornerq@google.com.hk,Non-binary,2018/10/20,66 Elmside Plaza
Anson,Boater,aboaterr@sogou.com,Female,2020/09/25,58561 Lawn Court
Feliks,Bass,fbasss@blogspot.com,Bigender,2020/12/14,85742 Florence Place
Zea,Calderon,,Genderfluid,2017/12/28,2 Chive Park
